Asset,Current Thesis,Why I Hold It,What I Expect,Next Action,Review Trigger,Status
BTC,Биток - база и фундамент долгосрочного крипто-портфеля,"Это первый и главный цифровой актив. 
Крипта уже стала частью мира, а биткоин остаётся её основным ориентиром.",На горизонте ближайших 3 лет ожидаю сохранение его ключевой роли и дальнейший рост в рамках рыночного цикла,"Покупать на просадках и держать. 
Без панических продаж","Пересмотр только если доля биткоина станет слишком большой в портфеле или после очень сильного роста, когда нужно частично сократить позицию",Accumulate
ETH,Эфир - ключевой инфраструктурный актив и одна из главных основ портфеля.,"На эфире сосредоточено много разработчиков, приложений и цифровых финансов. 
В долгую вера в его роль даже выше, чем в биткоин","Ожидаю, что эфир сохранит роль базовой сети для цифровых приложений и даст сильный рост в следующем бычьем цикле","Продолжать накапливать. 
На просадках добирать агрессивнее","Пересмотр только при явном ослаблении роли сети, потере интереса разработчиков или слишком большом росте доли в портфеле",Accumulate
TON,"Тон - спекулятивный актив с сильной ставкой на ТГ, маркетинг и фигуру Дурова","Верю в сильную команду, лидерство Дурова и умение создавать продукты для людей. Основная ставка не на технологическое лидерство, а на силу бренда, аудитории и новых идей","Сейчас рост ограничен внешним давлением и слабым рыночным фоном, но при улучшении условий и возвращении сильного интереса актив может пойти в резкий рост",Продолжать накапливать и добирать агрессивнее на сильных падениях,"Пересмотр при ослаблении экосистемы Telegram, потере интереса аудитории или если история перестанет подтверждаться действиями команды",Watch
SOL,Солана - сильный спекулятивный актив и одна из базовых ставок в блоке альтов,"У Solana живая и богатая экосистема: мемы, NFT, DeFi, DEX и постоянные новые нарративы. Здесь много спекулянтов, дегенов и инфлюенсеров, что держит интерес к сети","Ожидаю, что экосистема продолжит придумывать новые поводы для внимания и в сильной фазе рынка актив сможет показать хороший рост",Держать и постепенно накапливать как одну из основных позиций среди альтов,"Пересмотр при явном затухании экосистемы, потере интереса рынка или если сеть начнёт уступать внимание другим сильным нарративам",Accumulate
BNB,"Бнб - сильный экосистемный альткоин с опорой на Бинанс, КЗ и BSC","Взял позицию после сильного отката, с верой в биржу Binance и в силу фигуры CZ (Чанпэн Чжао). Несмотря на давление, тяжбы и негативный фон, аудитория от биржи не отвернулась","Ожидаю, что Binance сохранит роль одной из главных бирж в ближайшие годы, а BNB останется важным активом внутри экосистемы и будет поддерживаться спросом","Продолжать добирать аккуратно, небольшими объёмами, без агрессивного наращивания позиции","Пересмотр при явном ослаблении Binance, потере доверия к бирже или если системные риски экосистемы станут слишком высокими",Accumulate
TIA,"Небольшая спекулятивная позиция, взятая по графику в падающем тренде","Фундаментальная уверенность невысокая. 
Позиция открыта маленьким объёмом как ставка на возможный отскок или восстановление в будущем","Либо дальнейшее падение с возможностью добора ниже, либо спекулятивное восстановление при возвращении интереса к активу",Без агрессии. Добирать только на сильных падениях поэтапно,"Если актив окончательно теряет ликвидность, интерес рынка и признаки восстановления",Watch
APEX,"Маленькая спекулятивная позиция, взятая по графику без сильной фундаментальной ставки","О монете знаю немного. 
Позиция открыта небольшим объёмом как рискованная ставка на возможное восстановление","Либо продолжение падения с возможностью набора ниже, либо краткосрочное восстановление при возврате интереса к активу",Держать маленький объём и добирать только на глубоком снижении,"Если актив перестанет показывать признаки жизни, ликвидность снизится или идея полностью сломается",Watch
MNT,"Экосистемный альткоин с опорой на Bybit и более сильной логикой, чем у чисто спекулятивных позиций","Есть вера в Bybit как в долгоиграющую биржу и в утилити монеты внутри экосистемы. 
Дополнительный плюс актив хорошо держится на сливах и часто восстанавливается лучше других альткоинов","Ожидаю, что при дальнейшем развитии Bybit, лаунчпадов и экосистемных продуктов монета сможет сохранять относительную силу и расти лучше части рынка",Держать и постепенно добирать на сильных снижениях,"Пересмотр при ослаблении экосистемы Bybit, потере утилити или если актив перестанет показывать относительную силу",Watch